user_input,retrieved_contexts,response,faithfulness,answer_relevancy,version
Why do I procrastinate even on things I genuinely care about?,"['[Doc 1 — CBT for Procrastination | topic: procrastination]\ntime” or “I don’t deserve rewards or fun”. But think of it this way, the things you don’t like doing tend to \nzap some of your energy, whereas rewards, leisure and pleasure help replenish you energy, allowing you to \ndo better quality work in the long run. It is all about a balance between pleasure and achievement. When \nyou are a procrastinator the balance is out, in that there is more pleasure (often guilty pleasure) and little \nachievement. The aim with overcoming procrastination is not for it to be all about achievement and no \n \nPage 5 \n• Psychotherapy • Research • Training \nC C I\n\n[Doc 2 — Procrastination & Emotion Regulation | topic: procrastination]\nconsequences for oneself and others for doing so [1,2]. Yet, the harms from procrastination\nare not limited to those involving productivity. Research over the past two decades has\ndocumented that procrastination can also have wide-ranging and negative consequences\nfor health and well-being [3], especially when it becomes a chronic behavioural pattern.\nFor example, procrastination is associated with higher stress [ 4–9], use of less adaptive\ncoping strategies [10], poor health behaviours [5,9,11–13], poor quality sleep [14,15], poor\n\n[Doc 3 — Procrastination & Emotion Regulation | topic: procrastination]\nindividual differences in self-regulatory capacities, and speciﬁcally emotion regulation\nweaknesses, this new framework suggests that culpability for procrastination does not\nsolely or always rest within the individual. Instead, this view of procrastination suggests\nthat there also needs to be consideration of any ongoing stressful circumstances that\nmight make mood regulation more challenging, and therefore increase vulnerability for\nprocrastination. Taking such stressful contexts into account can help identify when and\n\n[Doc 4 — Procrastination & Emotion Regulation | topic: procrastination]\n2016, 11, e0148054. [CrossRef]\n9. Johansson, F.; Rozental, A.; Edlund, K.; C ôté, P .; Sundberg, T.; Onell, C.; Rudman, A.; Skillgate, E. Associations between\nProcrastination and Subsequent Health Outcomes Among University Students in Sweden. JAMA Netw. Open 2023, 6, e2249346.\n[CrossRef]\n10. Sirois, F.M.; Kitner, R. Less adaptive or more maladaptive? A meta-analytic investigation of procrastination and coping. Eur. J.\nPersonal. 2015, 29, 433–444. [CrossRef]\n\n[Doc 5 — Getting Things Done (GTD) | topic: habit]\nBut surrendering to your inner awareness, and its intelligence and advice for\nthe worlds you live in, is the higher ground. Trusting yourself and the source\nof your intelligence is the most elegant version of experiencing freedom and\nmanifesting personal productivity.\n*In an ideal world, you could see all your next-action reminders any way\nyou wanted to see them: time, brain-power, location, or tool required;\nemotional payoff; area of life served; goals and projects supported.\nThe issue is: How much structure is too much, for the potential value of it? If']",I don't have enough research in my knowledge base to answer that specifically.,0.0,0.0,v1_dense_only
What is implementation intention and how does it reduce procrastination?,"['[Doc 1 — Atomic Habits | topic: habit]\nGive your habits a time and a space to live in the world. The goal is to make\nthe time and location so obvious that, with enough repetition, you get an urge to\ndo the right thing at the right time, even if you can’t say why. As the \nwriter\nJason Zweig noted, “Obviously you’re never going to just work out without\nconscious thought. But like a dog salivating at a bell, maybe you start to get\nantsy around the time of day you normally work out.”\nThere are \nmany ways to use implementation intentions in your life and work.\n\n[Doc 2 — Procrastination & Emotion Regulation | topic: procrastination]\nconsequences for oneself and others for doing so [1,2]. Yet, the harms from procrastination\nare not limited to those involving productivity. Research over the past two decades has\ndocumented that procrastination can also have wide-ranging and negative consequences\nfor health and well-being [3], especially when it becomes a chronic behavioural pattern.\nFor example, procrastination is associated with higher stress [ 4–9], use of less adaptive\ncoping strategies [10], poor health behaviours [5,9,11–13], poor quality sleep [14,15], poor\n\n[Doc 3 — Getting Things Done (GTD) | topic: habit]\npower of, 271–72\nprinciples in, 60, 68–69\npurpose in, 60, 65–68\nsteps in, 229–30\nsupport structures for, 234–38\ntips and techniques for, 227–39\ntools for, 231–34\nvision/outcome in, 56, 60, 61, 65, 69–72, 201, 215–19, 222–23\nwhat projects to plan, 228–31\nsee also projects\npositive psychology, 276–77\nPost-its, 93\nprinciples, 60, 68–69\nin Horizon 5, 56–57, 201, 215–19, 222–23\npriorities, 210, 225–26\nproblems, 163, 273, 294–95\nprocess, meaning of, 124\nprocrastination, 257–61\nproductivity, 13, 253, 267, 273\nnext-action decision-making standard and, 263\n\n[Doc 4 — CBT for Procrastination | topic: procrastination]\ntime” or “I don’t deserve rewards or fun”. But think of it this way, the things you don’t like doing tend to \nzap some of your energy, whereas rewards, leisure and pleasure help replenish you energy, allowing you to \ndo better quality work in the long run. It is all about a balance between pleasure and achievement. When \nyou are a procrastinator the balance is out, in that there is more pleasure (often guilty pleasure) and little \nachievement. The aim with overcoming procrastination is not for it to be all about achievement and no \n \nPage 5 \n• Psychotherapy • Research • Training \nC C I\n\n[Doc 5 — CBT for Procrastination | topic: procrastination]\nWilkinson. \nBurka, J.B., & Yuen, L.M. (1983). Procrastination: Why You Do It, What To Do About It. US: DaCapo Press. \nEllis, A., & Knaus, W.J. (1977). Overcoming Procrastination. New York: Signet. \nFiore, N. (1989). The Now Habit: A Strategic Program For Overcoming Procrastination And Enjoying Guilt-Free \nPlay. New York: Penguin Group. \nKnaus, W.J. (1979). Do It Now: How To Stop Procrastinating. New Jersey: Prentice-Hall Inc. \nKnaus, W. (2002). The Procrastination Workbook: Your Personalized Program For Breaking Free From The']",I don't have enough research in my knowledge base to answer that specifically.,0.0,0.0,v1_dense_only
How does self-compassion help with chronic procrastination?,"['[Doc 1 — Procrastination & Emotion Regulation | topic: procrastination]\nconsequences for oneself and others for doing so [1,2]. Yet, the harms from procrastination\nare not limited to those involving productivity. Research over the past two decades has\ndocumented that procrastination can also have wide-ranging and negative consequences\nfor health and well-being [3], especially when it becomes a chronic behavioural pattern.\nFor example, procrastination is associated with higher stress [ 4–9], use of less adaptive\ncoping strategies [10], poor health behaviours [5,9,11–13], poor quality sleep [14,15], poor\n\n[Doc 2 — Procrastination & Emotion Regulation | topic: procrastination]\nindividual differences in self-regulatory capacities, and speciﬁcally emotion regulation\nweaknesses, this new framework suggests that culpability for procrastination does not\nsolely or always rest within the individual. Instead, this view of procrastination suggests\nthat there also needs to be consideration of any ongoing stressful circumstances that\nmight make mood regulation more challenging, and therefore increase vulnerability for\nprocrastination. Taking such stressful contexts into account can help identify when and\n\n[Doc 3 — Procrastination & Emotion Regulation | topic: procrastination]\nthey may have increased vulnerability for procrastination. After discussing potential applications\nof the new model for understanding how and why risk for procrastination may increase in other\nstressful contexts, approaches that might mitigate vulnerability for procrastination in high-stress\ncontexts are discussed. Overall, this new stress context vulnerability model underscores the need\nfor taking a more compassionate view of the antecedents and factors that may increase the risk\nfor procrastination.\nKeywords: procrastination; stress; COVID-19; personality; emotion regulation; coping\n\n[Doc 4 — Procrastination & Emotion Regulation | topic: procrastination]\n2016, 11, e0148054. [CrossRef]\n9. Johansson, F.; Rozental, A.; Edlund, K.; C ôté, P .; Sundberg, T.; Onell, C.; Rudman, A.; Skillgate, E. Associations between\nProcrastination and Subsequent Health Outcomes Among University Students in Sweden. JAMA Netw. Open 2023, 6, e2249346.\n[CrossRef]\n10. Sirois, F.M.; Kitner, R. Less adaptive or more maladaptive? A meta-analytic investigation of procrastination and coping. Eur. J.\nPersonal. 2015, 29, 433–444. [CrossRef]\n\n[Doc 5 — Self-Compassion & Productivity | topic: procrastination]\n(Lloyd et al. 2019 ). Among professional caregivers such as therapists, doctors, nurses, educators,\nand first responders, greater self-compassion is associated with greater compassion satisfaction\n(the positive feelings experienced from one’ s work) as well as less caregiver fatigue, burnout, and\nstress (e.g., Babenko et al. 2019, Kotera et al. 2021, McDonald et al. 2021). Far from being selfish,\ngiving oneself compassion provides the emotional resources needed to care for others.\nwww.annualreviews.org \x0f Self-Compassion 203']",I don't have enough research in my knowledge base to answer that specifically.,0.0,0.0,v1_dense_only
What are CBT strategies I can use when I'm stuck and can't start?,"['[Doc 1 — Implementation Intentions | topic: procrastination]\nI want to emphasize that not all tips or tricks fit for \neveryone. In fact, a quick internet search will turn up \ndirectly conflicting advice (e.g., start with the most dreaded \ntask to get it over with vs. start with a smaller, more manageable \ntask to get warmed up). This highlights how important it is \nfor you to be able to take ownership of this process by \nfiguring out what works for you and leaving the rest. I \nhave provided several different suggestions below in the\n\n[Doc 2 — Getting Things Done (GTD) | topic: habit]\nleaving nothing on your mind other than what’s present in the moment.\nConclusion\nI hope this book has been useful—that you have started to reap the rewards\nof getting more done with less effort and stress. And I really hope you have\ntasted the freedom of a “mind like water” and the release of your creative\nenergies that can be the result of the application of these techniques. Those\nwho begin to implement GTD methods always discover there’s more here\nthan meets the eye, and you may have already begun to experience your own\nversion of that.\n\n[Doc 3 — Getting Things Done (GTD) | topic: habit]\nrelevant project plans, support materials, and any other work-in-progress\nmaterial to trigger new actions, completions, waiting-fors, etc.\nReview Any Relevant Checklists Is there anything else that you haven’t done,\nthat you need or want to do, given your various engagements, interests, and\nresponsibilities?\nGet Creative\nThis methodology is not simply about cleaning up and getting closure. Those\nare critical factors, to be sure, to utilize for clarity and focus. Ultimately,\nthough, the prime driver for my own exploration in this field has been\n\n[Doc 4 — CBT for Procrastination | topic: procrastination]\n• When contemplating how to do a task, there are numerous ways you can approach any given task to \nmake the task easier. Some of the methods you might try include, worst-first, using momentum, just 5-\nminutes, set time limits, prime time, prime place, remember-then-do, reminders, visualise, focus, and \nplan rewards. \n• To manage your time availability, so that you know when to do your tasks and goals, you can use a \nmore fixed method like the schedule (i.e., planning specific tasks for specific times in your week) or a\n\n[Doc 5 — Getting Things Done (GTD) | topic: habit]\nChapter 5: Capturing: Corralling Your “Stuff”\nChapter 6: Clarifying: Getting “In” to Empty\nChapter 7: Organizing: Setting Up the Right Buckets\nChapter 8: Reflecting: Keeping It All Fresh and Functional\nChapter 9: Engaging: Making the Best Action Choices\nChapter 10: Getting Projects Under Control\npart 3: The Power of the Key Principles\nChapter 11: The Power of the Capturing Habit\nChapter 12: The Power of the Next-Action Decision\nChapter 13: The Power of Outcome Focusing\nChapter 14: GTD and Cognitive Science\nChapter 15: The Path of GTD Mastery\nConclusion\nAppendix']","I understand how tough it can be to get started when you're feeling stuck. Here are some Cognitive Behavioral Therapy (CBT) strategies you can use right now to help you initiate tasks:

1. **Just 5 Minutes**: Commit to working on your task for just five minutes. This small time frame can help reduce the pressure of starting and often leads to continued work once you've begun.

2. **Visualize Success**: Take a moment to visualize completing the task. Picture how you will feel once it’s done and the benefits that will come from completing it. This can help motivate you to start.

3. **Set a Timer**: Use a timer to create a sense of urgency. Set it for 10-15 minutes and focus solely on the task during that time. Knowing there's a limit can make starting feel less daunting.

4. **Plan Rewards**: Give yourself something to look forward to after completing the task. It could be a short break, a snack, or some time on your phone. This can create a positive association with task completion.

5. **Focus on the Next Action**: Instead of thinking about the entire task, identify the very next action you need to take. This could be as simple as opening a document or gathering materials. Focusing on one small step can make it easier to start.

Try one or more of these strategies for the next few minutes, and see if they help you break through that barrier. You've got this! 

Sources: [Doc 4]",0.6666666666666666,0.9153777015929491,v1_dense_only
What is the role of emotion regulation in procrastination?,"['[Doc 1 — Procrastination & Emotion Regulation | topic: procrastination]\nindividual differences in self-regulatory capacities, and speciﬁcally emotion regulation\nweaknesses, this new framework suggests that culpability for procrastination does not\nsolely or always rest within the individual. Instead, this view of procrastination suggests\nthat there also needs to be consideration of any ongoing stressful circumstances that\nmight make mood regulation more challenging, and therefore increase vulnerability for\nprocrastination. Taking such stressful contexts into account can help identify when and\n\n[Doc 2 — Implementation Intentions | topic: procrastination]\nresponsible for self-regulation, including emotional \nregulation (Boysan & Kiral, 2016; Schouwenburg \n& Lay , 1995). There is evidence that those who are \nhigh in conscientiousness are able to avoid falling \ninto the trap of procrastination partially due to their \nability to structure their environment to set them up \nfor more likely success, a strategy even those low in \nconscientiousness can learn to emulate. Along these \nlines, teaching students emotion regulation skills was \nfound to significantly reduce procrastination (Eckert et\n\n[Doc 3 — Procrastination & Emotion Regulation | topic: procrastination]\nemotions may therefore be lowered due to this cumulative effect. Accordingly, vulnerability\nfor procrastinating tasks that might not normally be procrastinated increases, especially\namong individuals who are already prone to procrastination and are using task avoidance\nas a habitual means to regulate difﬁcult emotions [19]. In this respect, stressful contexts\ncreate an environment that increases vulnerability for the phenotypic expression of trait\nprocrastination.\nHigh-stress contexts may also contribute to lowered tolerance for negative states\n\n[Doc 4 — Procrastination & Emotion Regulation | topic: procrastination]\ncognitively demanding [46]. However, there is a trade-off of between resource costs and \neffectiveness. Strategies such as c ognitive reappraisal provide more effective and longer \nlasting regulation of negative emotions [37]. \nFigure 1. Stress context vulnerability model of procrastination. Note: High-stress contexts are proposed\n\n[Doc 5 — Procrastination & Emotion Regulation | topic: procrastination]\nconsequences for oneself and others for doing so [1,2]. Yet, the harms from procrastination\nare not limited to those involving productivity. Research over the past two decades has\ndocumented that procrastination can also have wide-ranging and negative consequences\nfor health and well-being [3], especially when it becomes a chronic behavioural pattern.\nFor example, procrastination is associated with higher stress [ 4–9], use of less adaptive\ncoping strategies [10], poor health behaviours [5,9,11–13], poor quality sleep [14,15], poor']",I don't have enough research in my knowledge base to answer that specifically.,0.0,0.0,v1_dense_only
How does poor sleep affect my ability to focus the next day?,"['[Doc 1 — Sleep & Cognitive Performance | topic: sleep]\nand on self-reported anxiety. Brain Cogn, 60:76–87.\nSamkoff JS, Jacques CH. 1991. A review of studies concerning effects of \nsleep deprivation and fatigue on residents’ performance. Acad Med, \n66:687–93.\nSarter M, Gehring WJ, Kozak R. 2006. More attention must be paid: The neu-\nrobiology of attentional effort. Brain Res Brain Res Rev, 51:145–60.\nScoville WB, Milner B. 2000. Loss of recent memory after bilateral hippo-\ncampal lesions. 1957. J Neuropsychiatry Clin Neurosci, 12:103–13.\nShneerson JM. 2000. Handbook of sleep medicine. Cambridge: Blackwell \nScience.\n\n[Doc 2 — Sleep & Cognitive Performance | topic: sleep]\nRinkenauer G, Osman A, Ulrich R, et al 2004. On the locus of speed-accu-\nracy trade-off in reaction time: Inferences from the lateralized readiness \npotential. J Exp Psychol Gen, 133:261–82.\nRusso MB, Kendall AP, Johnson DE, et al 2005. Visual perception, psy-\nchomotor performance, and complex motor performance during an \novernight air refueling simulated ﬂ ight. Aviat Space Environ Med , \n76:C92–103.\nSagaspe P, Sanchez-Ortuno M, Charles A, et al 2006. Effects of sleep \ndeprivation on color-word, emotional, and speciﬁ c stroop interference \nand on self-reported anxiety. Brain Cogn, 60:76–87.\n\n[Doc 3 — Sleep & Cognitive Performance | topic: sleep]\net al 2004), which could leave older subjects more alert. \nThere is also evidence that aging subjects recover faster \nfrom SD than young subjects in terms of physiological sleep \n(Bonnet and Rosa 1987; Brendel et al 1990). This faster \nrecovery in sleep state may also mean better restoration of \ncognitive performance (Bonnet and Rosa 1987; Brendel \net al 1990). However, more research is necessary to conﬁ rm \nthese hypotheses.\n\n[Doc 4 — Sleep & Cognitive Performance | topic: sleep]\non lateral visual attention. Int J Neurosci, 116:1125–38.\nKilduff TS, Kushida CA, Terao A. 2005. Recovery from sleep deprivation. \nNew Y ork: Marcel Dekker. p. 485–502.\nKillgore WD, Balkin TJ, Wesensten NJ. 2006. Impaired decision making \nfollowing 49 h of sleep deprivation. J Sleep Res, 15:7–13.\nKim DJ, Lee HP, Kim MS, et al. 2001. The effect of total sleep deprivation \non cognitive functions in normal adult male subjects. Int J Neurosci, \n109:127–37.\nKimura D. 1996. Sex, sexual orientation and sex hormones inﬂ uence human \ncognitive function. Curr Opin Neurobiol, 6:259–63.\n\n[Doc 5 — Body Recomposition Research | topic: nutrition]\nare susceptible, may alleviate some of the related feelings\nof anxiety with caffeine use. Given that anxiety may dis-\nrupt concentration and sleep and negatively impact so-\ncial interactions, athletes with higher risks and\nprevalence for anxiety, may want to limit or avoid caf-\nfeine consumption (if caffeine is a known trigger) during\ntimes where they are feeling anxious or stressed, such as\nat sporting competitions or social gatherings or other\nwork and school events.\nThe importance of both sleep and caffeine (as an ergo-\ngenic aid) to athletes highlights the importance of opti-']",I don't have enough research in my knowledge base to answer that specifically.,0.0,0.0,v1_dense_only
What time of day is my brain sharpest based on circadian rhythm research?,"['[Doc 1 — Circadian Rhythms & Performance | topic: sleep]\nonly 2 or 3 days off per month. This means, on average, about one game every day with frequently \nchanging game start times and varying game locations. The games start at different hours of the \nday, like noon, 13:00, 14:00, 15:00, 18:00, 19:00, 20:00, 21:00, and 22:00 (EST). These varying time \nconditions make it very challenging for players, coaches and trainers to optimally prepare for the \ngame and achieve peak performance throughout its duration. Unfortunately, this constant shifting \nof game times, game locations, and travel schedules desynchronizes the circadian timing mech -\n\n[Doc 2 — Sleep & Cognitive Performance | topic: sleep]\nRinkenauer G, Osman A, Ulrich R, et al 2004. On the locus of speed-accu-\nracy trade-off in reaction time: Inferences from the lateralized readiness \npotential. J Exp Psychol Gen, 133:261–82.\nRusso MB, Kendall AP, Johnson DE, et al 2005. Visual perception, psy-\nchomotor performance, and complex motor performance during an \novernight air refueling simulated ﬂ ight. Aviat Space Environ Med , \n76:C92–103.\nSagaspe P, Sanchez-Ortuno M, Charles A, et al 2006. Effects of sleep \ndeprivation on color-word, emotional, and speciﬁ c stroop interference \nand on self-reported anxiety. Brain Cogn, 60:76–87.\n\n[Doc 3 — Deep Work | topic: focus]\ncorresponding to the hour where I finished the result.\n*\n This served two purposes.\nFirst, it allowed me to connect, at a visceral level, accumulated deep work hours and\n\n[Doc 4 — Sleep & Cognitive Performance | topic: sleep]\net al 2004), which could leave older subjects more alert. \nThere is also evidence that aging subjects recover faster \nfrom SD than young subjects in terms of physiological sleep \n(Bonnet and Rosa 1987; Brendel et al 1990). This faster \nrecovery in sleep state may also mean better restoration of \ncognitive performance (Bonnet and Rosa 1987; Brendel \net al 1990). However, more research is necessary to conﬁ rm \nthese hypotheses.\n\n[Doc 5 — Sleep & Cognitive Performance | topic: sleep]\non lateral visual attention. Int J Neurosci, 116:1125–38.\nKilduff TS, Kushida CA, Terao A. 2005. Recovery from sleep deprivation. \nNew Y ork: Marcel Dekker. p. 485–502.\nKillgore WD, Balkin TJ, Wesensten NJ. 2006. Impaired decision making \nfollowing 49 h of sleep deprivation. J Sleep Res, 15:7–13.\nKim DJ, Lee HP, Kim MS, et al. 2001. The effect of total sleep deprivation \non cognitive functions in normal adult male subjects. Int J Neurosci, \n109:127–37.\nKimura D. 1996. Sex, sexual orientation and sex hormones inﬂ uence human \ncognitive function. Curr Opin Neurobiol, 6:259–63.']",I don't have enough research in my knowledge base to answer that specifically.,1.0,0.0,v1_dense_only
What sleep hygiene habits have the strongest evidence behind them?,"['[Doc 1 — Sleep Hygiene Guidelines | topic: sleep]\nhttps://pubmed.ncbi.nlm.nih.gov/23211256/\n\nNational Institutes of Health (NIH). (2012, January). NIH News in Health: Breaking Bad Habits.\n\nhttps://newsinhealth.nih.gov/2012/01/breaking-bad-habits\n\nIrish, L. A., Kline, C. E., Gunn, H. E., Buysse, D. J., & Hall, M. H. (2015). The role of sleep hygiene in promoting public health: A review of empirical evidence. Sleep Medicine Reviews, 22, 23–36.\n\nhttps://pubmed.ncbi.nlm.nih.gov/25454674/\n\n[Doc 2 — Atomic Habits | topic: habit]\nsleeping . . . was the only action that happened in that room\n “Techniques involving stimulus control have even been successfully used to help people with insomnia. In short, those who had trouble\nfalling asleep were told to only go to their room and lie in their bed when they were tired. If they couldn’t fall asleep, they were told to get up and change rooms. Strange advice, but over\ntime, researchers found that by associating the bed with ‘It’s time to go to sleep’ and not with other activities (reading a book, just lying there, etc.), participants were eventually able to\n\n[Doc 3 — Sleep & Cognitive Performance | topic: sleep]\nand on self-reported anxiety. Brain Cogn, 60:76–87.\nSamkoff JS, Jacques CH. 1991. A review of studies concerning effects of \nsleep deprivation and fatigue on residents’ performance. Acad Med, \n66:687–93.\nSarter M, Gehring WJ, Kozak R. 2006. More attention must be paid: The neu-\nrobiology of attentional effort. Brain Res Brain Res Rev, 51:145–60.\nScoville WB, Milner B. 2000. Loss of recent memory after bilateral hippo-\ncampal lesions. 1957. J Neuropsychiatry Clin Neurosci, 12:103–13.\nShneerson JM. 2000. Handbook of sleep medicine. Cambridge: Blackwell \nScience.\n\n[Doc 4 — Sleep & Cognitive Performance | topic: sleep]\non lateral visual attention. Int J Neurosci, 116:1125–38.\nKilduff TS, Kushida CA, Terao A. 2005. Recovery from sleep deprivation. \nNew Y ork: Marcel Dekker. p. 485–502.\nKillgore WD, Balkin TJ, Wesensten NJ. 2006. Impaired decision making \nfollowing 49 h of sleep deprivation. J Sleep Res, 15:7–13.\nKim DJ, Lee HP, Kim MS, et al. 2001. The effect of total sleep deprivation \non cognitive functions in normal adult male subjects. Int J Neurosci, \n109:127–37.\nKimura D. 1996. Sex, sexual orientation and sex hormones inﬂ uence human \ncognitive function. Curr Opin Neurobiol, 6:259–63.\n\n[Doc 5 — Atomic Habits | topic: habit]\nFIGURE 7: Habit stacking increases the likelihood that you’ll stick with a habit by stacking your new behavior on top of an old one. This process can be repeated to chain numerous habits\ntogether, each one acting as the cue for the next.\nYour morning routine habit stack might look like this:\n1. \nAfter I pour my morning cup of coffee, I will meditate for sixty\nseconds.\n2. \nAfter I meditate for sixty seconds, I will write my to-do list for the\nday.\n3. \nAfter I write my to-do list for the day, I will immediately begin my\nfirst task.\nOr, consider this habit stack in the evening:']",I don't have enough research in my knowledge base to answer that specifically.,0.0,0.0,v1_dense_only
How many hours of sleep do I need to maintain cognitive performance?,"['[Doc 1 — Sleep & Cognitive Performance | topic: sleep]\net al 2004), which could leave older subjects more alert. \nThere is also evidence that aging subjects recover faster \nfrom SD than young subjects in terms of physiological sleep \n(Bonnet and Rosa 1987; Brendel et al 1990). This faster \nrecovery in sleep state may also mean better restoration of \ncognitive performance (Bonnet and Rosa 1987; Brendel \net al 1990). However, more research is necessary to conﬁ rm \nthese hypotheses.\n\n[Doc 2 — Sleep & Cognitive Performance | topic: sleep]\nRinkenauer G, Osman A, Ulrich R, et al 2004. On the locus of speed-accu-\nracy trade-off in reaction time: Inferences from the lateralized readiness \npotential. J Exp Psychol Gen, 133:261–82.\nRusso MB, Kendall AP, Johnson DE, et al 2005. Visual perception, psy-\nchomotor performance, and complex motor performance during an \novernight air refueling simulated ﬂ ight. Aviat Space Environ Med , \n76:C92–103.\nSagaspe P, Sanchez-Ortuno M, Charles A, et al 2006. Effects of sleep \ndeprivation on color-word, emotional, and speciﬁ c stroop interference \nand on self-reported anxiety. Brain Cogn, 60:76–87.\n\n[Doc 3 — Sleep & Cognitive Performance | topic: sleep]\nand on self-reported anxiety. Brain Cogn, 60:76–87.\nSamkoff JS, Jacques CH. 1991. A review of studies concerning effects of \nsleep deprivation and fatigue on residents’ performance. Acad Med, \n66:687–93.\nSarter M, Gehring WJ, Kozak R. 2006. More attention must be paid: The neu-\nrobiology of attentional effort. Brain Res Brain Res Rev, 51:145–60.\nScoville WB, Milner B. 2000. Loss of recent memory after bilateral hippo-\ncampal lesions. 1957. J Neuropsychiatry Clin Neurosci, 12:103–13.\nShneerson JM. 2000. Handbook of sleep medicine. Cambridge: Blackwell \nScience.\n\n[Doc 4 — Sleep & Cognitive Performance | topic: sleep]\ntrait-like vulnerability.\nAcute total sleep deprivation\nAttention and working memory\nThe two most widely studied cognitive domains in SD \nresearch are attention and working memory, which in fact \nare interrelated. Working memory can be divided into four \nsubsystems: phonological loop, visuospatial sketchpad, \nepisodic buffer and central executive (Baddeley and Hitch \n1974; Baddeley 2000). The phonological loop is assumed \nto temporarily store verbal and acoustic information (echo \nmemory); the sketchpad, to hold visuospatial information\n\n[Doc 5 — Sleep & Cognitive Performance | topic: sleep]\non lateral visual attention. Int J Neurosci, 116:1125–38.\nKilduff TS, Kushida CA, Terao A. 2005. Recovery from sleep deprivation. \nNew Y ork: Marcel Dekker. p. 485–502.\nKillgore WD, Balkin TJ, Wesensten NJ. 2006. Impaired decision making \nfollowing 49 h of sleep deprivation. J Sleep Res, 15:7–13.\nKim DJ, Lee HP, Kim MS, et al. 2001. The effect of total sleep deprivation \non cognitive functions in normal adult male subjects. Int J Neurosci, \n109:127–37.\nKimura D. 1996. Sex, sexual orientation and sex hormones inﬂ uence human \ncognitive function. Curr Opin Neurobiol, 6:259–63.']",I don't have enough research in my knowledge base to answer that specifically.,0.5,0.0,v1_dense_only
What should I eat in the morning to optimize focus?,"['[Doc 1 — Protein & Nutrient Timing | topic: nutrition]\nbody composition or performance between the morning\nand evening casein supplementation groups. A potential\nexplanation for the lack of findings might stem from the\nalready high intake of protein by the study participants be-\nfore the study commenced. However, it is worth noting\nthat although not statistically significant, the morning\ngroup added 0.4 kg of lean body mass compared to 1.2 kg\nin the evening group even though the habitual diet of the\ntrained subjects in this study was reported to be 1.7 to\n1.9 g/kg/day of protein. Thus, it appears that protein con-\n\n[Doc 2 — Protein & Nutrient Timing | topic: nutrition]\nably, Coyle et al. [19] reported that consumption of a\nhigh-carbohydrate meal 4 h before 105 min of cycling ex-\nercise at 70% VO 2max after an overnight fast significantly\nincreased both muscle and liver glycogen while also in-\ncreasing rates of carbohydrate oxidation and utilization of\nmuscle glycogen. In addition to increasing stored glyco-\ngen, other studies have reported significant improvements\nin aerobic exercise performance [37 –39]. However, not all\nstudies have demonstrated a performance-enhancing ef-\nfect. Nonetheless, it is commonly recommended to con-\n\n[Doc 3 — Body Recomposition Research | topic: nutrition]\nare susceptible, may alleviate some of the related feelings\nof anxiety with caffeine use. Given that anxiety may dis-\nrupt concentration and sleep and negatively impact so-\ncial interactions, athletes with higher risks and\nprevalence for anxiety, may want to limit or avoid caf-\nfeine consumption (if caffeine is a known trigger) during\ntimes where they are feeling anxious or stressed, such as\nat sporting competitions or social gatherings or other\nwork and school events.\nThe importance of both sleep and caffeine (as an ergo-\ngenic aid) to athletes highlights the importance of opti-\n\n[Doc 4 — Protein & Nutrient Timing | topic: nutrition]\na) aggressive carbohydrate refeeding (1.2 g/kg/h) with a preference towards carbohydrate sources that have a\nhigh (> 70) glycemic index\nb) the addition of caffeine (3–8m g / k g )\nc) combining carbohydrates (0.8 g/kg/h) with protein (0.2–0.4 g/kg/h)\n4. Extended (> 60 min) bouts of high intensity (> 70% VO 2max) exercise challenge fuel supply and fluid regulation,\nthus carbohydrate should be consumed at a rate of ~30 –60 g of carbohydrate/h in a 6 –8% carbohydrate-\nelectrolyte solution (6–12 fluid ounces) every 10 –15 min throughout the entire exercise bout, particularly in those\n\n[Doc 5 — Body Recomposition Research | topic: nutrition]\nwakefulness. Aviat Space Environ Med. 2004;75(9):771 –6.\n336. Share B, Sanders N, Kemp J. Caffeine and performance in clay target\nshooting. J Sports Sci. 2009;27(6):661 –6.\n337. Pomportes L, Brisswalter J, Hays A, Davranche K. Effects of Carbohydrate,\nCaffeine, and Guarana on Cognitive Performance, Perceived Exertion, and\nShooting Performance in High-Level Athletes. Int J Sports Physiol Perform.\n2019;14(5):576–82.\n338. Duncan MJ, Dobell AP, Caygill CL, Eyre E, Tallis J. The effect of acute caffeine\ningestion on upper body anaerobic exercise and cognitive performance. Eur']",I don't have enough research in my knowledge base to answer that specifically.,0.0,0.0,v1_dense_only
How does cortisol affect my energy levels and body composition?,"['[Doc 1 — Body Recomposition Research | topic: nutrition]\nintensity training in athletes [ 322, 323]. Chronic mild to\nmoderate sleep deprivation in athletes, potentially attrib-\nuted to caffeine intakes, may result in negative or altered\nimpacts on glucose metabolism, neuroendocrine func-\ntion, appetite, food intake and protein synthesis, as well\nas attention, learning and memory [ 323]. These factors\ncan all influence an athlete ’ s nutritional, metabolic, and\nendocrine status negatively and hence potentially affect\nenergy levels, muscle repair, immunity, body compos-\nition, memory and learning and result in diminished ath-\n\n[Doc 2 — Body Recomposition Research | topic: nutrition]\nA, Williams S, dos Santos MG. A commercially available energy drinkdoes\nnot improve peak power production on multiple 20-second Wingate tests. J\nInt Soc Sports Nutr. 2010;7(1):1 –2.\n102. Hoffman JR, Kang J, Ratamess NA, Hoffman MW, Tranchina CP, Faigenbaum\nAD. Examination of a pre-exercise, high energy supplement on exercise\nperformance. J Int Soc Sports Nutr. 2009;6(1):2.\n103. Seidl R, Peyrl A, Nicham R, Hauser E. A taurine and caffeine-containing drink\nstimulates cognitive performance and well-being. Amino Acids. 2000.\n\n[Doc 3 — Protein & Nutrient Timing | topic: nutrition]\nchanges in body composition were determined by dual-\nenergy x-ray absorptiometry (DEXA), which does not\nhave the same sensitivity to identify subtle hypertrophic\nalterations [111] as the histochemical approaches\nemployed by Andersen et al. [109]. Finally, the study\nparticipants in the Andersen et al. study were consuming\napproximately 20% more calories per day (~ 36.6 kcals/\nkg/day) than the participants in the Hoffman study (who\nconsumed only 30.4 kcals/kg/day) which offers some\nlevel of explanation for the different outcomes reported\nin these two studies. More recently, Schoenfeld and col-\n\n[Doc 4 — Body Recomposition Research | topic: nutrition]\ncluded that caffeine increased running time by delaying\nfatigue through CNS effects, in part by blocking adeno-\nsine receptors [ 191]. Caffeine also appears to enhance\ncognitive performance more in fatigued than well-rested\nsubjects [ 192– 194]. This phenomenon is also apparent\nin exercise performance [ 195] both in the field [ 196] and\nin the lab [ 60, 63, 149].\nThe placebo effect\nThe placebo effect is a beneficial outcome that cannot\nbe attributed to a treatment or intervention but is\nbrought about by the belief that one has received a posi-\n\n[Doc 5 — Cortisol, Stress & Body Composition | topic: nutrition]\nrisk of hypertension, diabetes, dyslipidemia, and metabolic syndrome when compared to\nnormal waist circumference values.1–3 In women, higher levels of androgens and cortisol\nseem to be associated with increased abdominal fat.1 Furthermore, increased abdominal fat\nhas been shown to be associated with poor coping with stress, including sick leave,\npsychological maladjustments, psychosomatic and psychiatric disease.1 For women in\nparticular, increasing waist-hip ratio, a measure of abdominal fat distribution, is associated']",I don't have enough research in my knowledge base to answer that specifically.,0.0,0.0,v1_dense_only
What is protein timing and why does it matter for performance?,"['[Doc 1 — Protein & Nutrient Timing | topic: nutrition]\nTraining In Healthy Young Men. J Nutr. 2015;145(6):1178 –84.\n175. Antonio J, Ellerbroek A, Peacock C, Silver T. Casein Protein Supplementation\nIn Trained Men And Women: Morning Versus Evening. Int J Exerc Sci. 2017;\n10(3):479–86.\n• We accept pre-submission inquiries \n\x81 Our selector tool helps you to ﬁnd the most relevant journal\n\x81 We provide round the clock customer support \n\x81 Convenient online submission\n\x81 Thorough peer review\n\x81 Inclusion in PubMed and all major indexing services \n\x81 Maximum visibility for your research\nSubmit your manuscript at\nwww.biomedcentral.com/submit\n\n[Doc 2 — Protein & Nutrient Timing | topic: nutrition]\nbody composition or performance between the morning\nand evening casein supplementation groups. A potential\nexplanation for the lack of findings might stem from the\nalready high intake of protein by the study participants be-\nfore the study commenced. However, it is worth noting\nthat although not statistically significant, the morning\ngroup added 0.4 kg of lean body mass compared to 1.2 kg\nin the evening group even though the habitual diet of the\ntrained subjects in this study was reported to be 1.7 to\n1.9 g/kg/day of protein. Thus, it appears that protein con-\n\n[Doc 3 — Protein & Nutrient Timing | topic: nutrition]\ntotal dose of protein over a 12-h measurement period\nfollowing a bout of lower body resistance exercise. One\nof the protein feeding patterns required participants to\nconsume two 40-g doses of whey protein isolate ap-\nproximately 6 h apart. Another condition required the\nconsumption of four, 20-g doses of whey protein isolate\nevery 3 h. The final condition required the participants\nto consume eight, 10-g doses of whey protein isolate\nevery 90 min. Rates of muscle protein turnover, synthe-\nsis, and breakdown were compared, and the authors\nconcluded that protein turnover and synthesis rates were\n\n[Doc 4 — Protein & Nutrient Timing | topic: nutrition]\nis less established.\n/C15Rapid ingestion of high amounts of carbohydrates\n(≥ 1.2 g/kg/h) for four to 6 h soon after exhausting\nexercise can rapidly stimulate replenishment of\nmuscle glycogen.\n/C15Adding protein (0.2 –0.5 g/kg/h) to carbohydrate\nincreases the rate of glycogen resynthesis when\ningesting < 1.2 g/kg/h of carbohydrate. Moreover,\nthe additional protein may minimize muscle\ndamage, promote favorable hormone balance and\naccelerate recovery from intense exercise.\n/C15For athletes completing high volumes (i.e., ≥ 8h )o f\nexercise per week and subsequently requiring the\n\n[Doc 5 — Protein & Nutrient Timing | topic: nutrition]\n27. Van Loon L, Saris WH, Kruijshoop M. Maximizing Postexercise Muscle Glycogen\nSynthesis: Carbohydrate Supplementation And The Application Of Amino Acid\nOr Protein Hydrolysate Mixtures. Am J Clin Nutr. 2000;72:106–11.\n28. Riddell MC, Partington SL, Stupka N, Armstrong D, Rennie C, Tarnopolsky\nMA. Substrate Utilization During Exercise Performed With And Without\nGlucose Ingestion In Female And Male Endurance Trained Athletes. Int J\nSport Nutr Exerc Metab. 2003;13(4):407 –21.\n29. Devries MC, Hamadeh MJ, Phillips SM, Tarnopolsky MA. Menstrual Cycle']",I don't have enough research in my knowledge base to answer that specifically.,0.0,0.0,v1_dense_only
What does the research say about Rhodiola Rosea for stress and energy?,"[""[Doc 1 — Rhodiola Rosea Research | topic: supplement]\nEvidence-based\n\nRhodiola Rosea\n\nWritten by:\n\nBill Willis, Megan Michaux\n\nFact-checked\n\nby:\n\nNick Milazzo, Gregory Lopez\n\nLast Updated: December 15, 2025\n\nRhodiola rosea, often called “rhodiola” for short, is a plant in the genus Rhodiola that’s used as an herbal supplement with adaptogenic properties that help to provide general resistance to stress. Although its mechanisms of action are not completely understood, it is clear that rhodiola increases resilience to stress at both the cellular and systemic levels.\n\nBill Willis\n\nMegan Michaux\n\nNick Milazzo\n\nGregory Lopez\n\n[Doc 2 — Body Recomposition Research | topic: nutrition]\nmon species Coffea arabica (arabica coffee) and Coffea\ncanephora (robusta coffee) used for global coffee pro-\nduction. While coffee is commonly ingested by exercis-\ning individuals as part of their habitual diet, coffee is\nalso commonly consumed pre-exercise to improve en-\nergy levels, mood, and exercise performance [ 11, 40]. In-\ndeed, a recent review on coffee and endurance\nperformance, reported that that coffee providing be-\ntween 3 and 8.1 m/kg of caffeine may benefit endurance\nperformance, such as time trial performance or time to\nexhaustion [ 11]. To date, research has only examined\n\n[Doc 3 — Body Recomposition Research | topic: nutrition]\nA, Williams S, dos Santos MG. A commercially available energy drinkdoes\nnot improve peak power production on multiple 20-second Wingate tests. J\nInt Soc Sports Nutr. 2010;7(1):1 –2.\n102. Hoffman JR, Kang J, Ratamess NA, Hoffman MW, Tranchina CP, Faigenbaum\nAD. Examination of a pre-exercise, high energy supplement on exercise\nperformance. J Int Soc Sports Nutr. 2009;6(1):2.\n103. Seidl R, Peyrl A, Nicham R, Hauser E. A taurine and caffeine-containing drink\nstimulates cognitive performance and well-being. Amino Acids. 2000.\n\n[Doc 4 — Body Recomposition Research | topic: nutrition]\nare susceptible, may alleviate some of the related feelings\nof anxiety with caffeine use. Given that anxiety may dis-\nrupt concentration and sleep and negatively impact so-\ncial interactions, athletes with higher risks and\nprevalence for anxiety, may want to limit or avoid caf-\nfeine consumption (if caffeine is a known trigger) during\ntimes where they are feeling anxious or stressed, such as\nat sporting competitions or social gatherings or other\nwork and school events.\nThe importance of both sleep and caffeine (as an ergo-\ngenic aid) to athletes highlights the importance of opti-\n\n[Doc 5 — Body Recomposition Research | topic: nutrition]\ncaffeine on simulated time-trial performance are independent of fitness\nlevel. J Caffeine Res. 2011;1:179 –85.\n97. Campbell BI, Richmond JL, Dawes JJ. The effects of a commercial, pre-\nexercise energy drink supplement on power, muscular endurance, and\nrepeated sprint speed. Int J Exerc Sci. 2016;9(2):9.\n98. Eckerson JM, Bull AJ, Baechle TR, Fischer CA, O'Brien DC, Moore GA, et al.\nAcute ingestion of sugar-free red bull energy drink has no effect on upper\nbody strength and muscular endurance in resistance trained men. J\nStrength Cond Res. 2013;27(8):2248 –54.""]","Rhodiola Rosea is recognized for its adaptogenic properties, which help enhance resilience to stress at both cellular and systemic levels. While the exact mechanisms are not fully understood, it is clear that Rhodiola can support general resistance to stress, potentially improving energy levels and reducing fatigue. This makes it a useful supplement for those experiencing stress-related energy crashes. 

If you're feeling low on energy and struggling to start tasks, consider trying Rhodiola Rosea to help improve your stress response and boost your energy. 

Sources: [Doc 1]",0.5,0.9565540829074716,v1_dense_only
Should I take magnesium and what does research say about it?,"['[Doc 1 — Magnesium Creatine Omega-3 | topic: supplement]\nAdequate intake (AI) Reference: Institute of Medicine. Magnesium (chapter 6 of Dietary Reference Intakes for Calcium, Phosphorus, Magnesium, Vitamin D, and Fluoride. The National Academies Press. 1997. DOI: 10.17226/5776)\n\nMagnesium UL\n\nThe tolerable upper intake level (UL) for magnesium only includes magnesium obtained from dietary supplements and medications. Supplement doses exceeding the UL are more likely to cause adverse effects.\n\nAGE MALE FEMALE PREGNANT LACTATING 0–12 months — — — — 1–3 years 65 mg 65 mg — — 4–8 years 110 mg 110 mg — — >9 years 350 mg 350 mg 350 mg 350 mg\n\n[Doc 2 — Body Recomposition Research | topic: nutrition]\nancestry. Clin Pharmacol Ther. 2012;92(4):511 –9.\n134. Djordjevic N, Ghotbi R, Bertilsson L, Jankovic S, Aklillu E. Induction of\nCYP1A2 by heavy coffee consumption in Serbs and Swedes. Eur J Clin\nPharmacol. 2008;64(4):381 –5.\n135. Marks V, Kelly JF. Absorption of caffeine from tea, coffee, and coca cola.\nLancet. 1973;1(7807):827.\n136. Liguori A, Hughes JR, Grass JA. Absorption and subjective effects of caffeine\nfrom coffee, cola and capsules. Pharmacol Biochem Behav. 1997;58(3):721 –6.\n137. Shargel LYA. Applied biopharmaceutics and pharmacokinetics. 4th ed.\nStamford: Appleton and Lange; 1999.\n\n[Doc 3 — Protein & Nutrient Timing | topic: nutrition]\nchanges in body composition were determined by dual-\nenergy x-ray absorptiometry (DEXA), which does not\nhave the same sensitivity to identify subtle hypertrophic\nalterations [111] as the histochemical approaches\nemployed by Andersen et al. [109]. Finally, the study\nparticipants in the Andersen et al. study were consuming\napproximately 20% more calories per day (~ 36.6 kcals/\nkg/day) than the participants in the Hoffman study (who\nconsumed only 30.4 kcals/kg/day) which offers some\nlevel of explanation for the different outcomes reported\nin these two studies. More recently, Schoenfeld and col-\n\n[Doc 4 — Body Recomposition Research | topic: nutrition]\nchewing gum formulation was absorbed at a significantly\nfaster rate, the overall bioavailability was comparable to\nthe capsuled 100 and 200 mg caffeine dose groups.\nThese pharmacokinetic findings are useful for military\nand sport purposes, where there is a requirement for\nrapid and maintained stimulation over specific periods\nof time. Chewing gum may also be advantageous due to\nreduced digestive requirements, where absorption of caf-\nfeine in other forms (capsule, coffee etc.) may be hin-\ndered by diminished splanchnic blood flow during\n\n[Doc 5 — Body Recomposition Research | topic: nutrition]\n314, 368, 369]. Despite positive outcomes at sea level,\nminimal data exist on the ergogenic effects or side ef-\nfects of caffeine in conditions of hypoxia, likely due to\naccessibility of this environment or the prohibitive costs\nof artificial methods. To date, only four investigations\n(Table 3) have examined the effects of caffeine on exer-\ncise performance under hypoxic conditions [ 211, 370–\n372]. In an initial study by Berglund and colleagues\n[370], caffeine (6 mg/kg) significantly improved 21 km\ntime trial performance 2300 m above sea level in 14']",I don't have enough research in my knowledge base to answer that specifically.,0.0,0.0,v1_dense_only
What is creatine used for beyond muscle building?,"['[Doc 1 — Body Recomposition Research | topic: nutrition]\nacute caffeine ingestion prior to exercise is unaffected by\ncreatine when a prior creatine loading protocol had been\ncompleted by participants [ 394, 395]. However, there is\nsome ambiguity with regard to the co-ingestion of caf-\nfeine during a creatine-loading phase (e.g., co-ingestion\nof coffee and creatine) [ 396– 399]. Studies available to\ndate suggest that high-dose chronic caffeine (> 9 mg/kg)\nand creatine co-ingestion should be employed cau-\ntiously, as counteracting mechanisms on Ca2+ clearance\nand release, and muscle relaxation time have been hy-\n\n[Doc 2 — Protein & Nutrient Timing | topic: nutrition]\nis less established.\n/C15Rapid ingestion of high amounts of carbohydrates\n(≥ 1.2 g/kg/h) for four to 6 h soon after exhausting\nexercise can rapidly stimulate replenishment of\nmuscle glycogen.\n/C15Adding protein (0.2 –0.5 g/kg/h) to carbohydrate\nincreases the rate of glycogen resynthesis when\ningesting < 1.2 g/kg/h of carbohydrate. Moreover,\nthe additional protein may minimize muscle\ndamage, promote favorable hormone balance and\naccelerate recovery from intense exercise.\n/C15For athletes completing high volumes (i.e., ≥ 8h )o f\nexercise per week and subsequently requiring the\n\n[Doc 3 — Protein & Nutrient Timing | topic: nutrition]\nbegan with high muscle glycogen levels, and even greater\npower was achieved when carbohydrate was frequently\nprovided throughout the exercise protocol. A similar\noutcome was demonstrated by Febbraio and colleagues\n[54] where they required participants to complete four\nKerksick et al. Journal of the International Society of Sports Nutrition (2017) 14:33 Page 4 of 21\n\n[Doc 4 — Protein & Nutrient Timing | topic: nutrition]\n27. Van Loon L, Saris WH, Kruijshoop M. Maximizing Postexercise Muscle Glycogen\nSynthesis: Carbohydrate Supplementation And The Application Of Amino Acid\nOr Protein Hydrolysate Mixtures. Am J Clin Nutr. 2000;72:106–11.\n28. Riddell MC, Partington SL, Stupka N, Armstrong D, Rennie C, Tarnopolsky\nMA. Substrate Utilization During Exercise Performed With And Without\nGlucose Ingestion In Female And Male Endurance Trained Athletes. Int J\nSport Nutr Exerc Metab. 2003;13(4):407 –21.\n29. Devries MC, Hamadeh MJ, Phillips SM, Tarnopolsky MA. Menstrual Cycle\n\n[Doc 5 — Body Recomposition Research | topic: nutrition]\nHigh rates of muscle glycogen resynthesis after exhaustive exercise when\ncarbohydrate is coingested with caffeine. J Appl Physiol. 2008;105(1):7 –13.\n414. Beelen M, Kranenburg J, Senden JM, Kuipers H, Loon LJ. Impact of caffeine\nand protein on postexercise muscle glycogen synthesis. Med Sci Sports\nExerc. 2012;44(4):692 –700.\n415. Taylor C, Higham D, Close GL, Morton JP. The effect of adding caffeine to\npostexercise carbohydrate feeding on subsequent high-intensity interval-\nrunning capacity compared with carbohydrate alone. Int J Sport Nutr Exerc\nMetab. 2011;21(5):410 –6.']",I don't have enough research in my knowledge base to answer that specifically.,0.0,0.0,v1_dense_only
How long does it actually take to build a habit?,"['[Doc 1 — Atomic Habits | topic: habit]\nduring the first days, weeks, and even months. It doesn’t feel like you are going\nanywhere. It’s a hallmark of any compounding process: the most powerful\noutcomes are delayed.\nThis is one of the core reasons why it is so hard to build habits that \nlast.\nPeople make a few small changes, fail to see a tangible result, and decide to stop.\nYou think, “I’ve been running every day for a month, so why can’t I see any\nchange in my body?” Once this kind of thinking takes over, it’s easy to let good\nhabits fall by the wayside. But in order to make a meaningful difference, habits\n\n[Doc 2 — Atomic Habits | topic: habit]\nFIGURE 7: Habit stacking increases the likelihood that you’ll stick with a habit by stacking your new behavior on top of an old one. This process can be repeated to chain numerous habits\ntogether, each one acting as the cue for the next.\nYour morning routine habit stack might look like this:\n1. \nAfter I pour my morning cup of coffee, I will meditate for sixty\nseconds.\n2. \nAfter I meditate for sixty seconds, I will write my to-do list for the\nday.\n3. \nAfter I write my to-do list for the day, I will immediately begin my\nfirst task.\nOr, consider this habit stack in the evening:\n\n[Doc 3 — Atomic Habits | topic: habit]\nChapter Summary\nThe 3rd Law of Behavior Change is \nmake it easy\n.\nThe most effective form of learning is practice, not planning.\nFocus on taking action, not being in motion.\nHabit formation is the process by which a behavior becomes\nprogressively more automatic through repetition.\nThe amount of time you have been performing a habit is not as\nimportant as the number of times you have performed it.\n\n[Doc 4 — Atomic Habits | topic: habit]\nHabits Scorecard, \n64\n–66\nhabit stacking, \n74\n–79, \n110\n–11\nhabit tracking, \n197\nimplementation intention, \n69\n–72\nmaking the cues of bad habits invisible, \n94\n–95\nFisher, Roger, \n205\n–206\nflow state, \n224\n–33\nFogg, BJ, \n72\n74\nfood science\n“bliss point” for each product, \ncravings for junk food, \n102\n–103\ndynamic contrast of processed foods, \norosensation, \nfour laws of behavior change, \n53\n–55, \n186\n252\n–53. \nSee also\n specific numbered laws\nfour-step process of building a habit\n1. cue, \n47\n–48\n2. craving, \n48\n3. response, \n48\n–49\n4. reward, \nhabit loop, \nlessons from, \n259\n–64\n\n[Doc 5 — Atomic Habits | topic: habit]\nfeels exhausting. Meanwhile, sticking to the habit of doing one push-up per day\nrequires almost no energy to get started. And the less energy a habit requires, the\nmore likely it is to occur.\nLook at any behavior that fills up much of your life and you’ll see that it can\nbe performed with very low levels of motivation. Habits like scrolling on our\nphones, checking email, and watching television steal so much of our time\nbecause they can be performed almost without effort. They are remarkably\nconvenient.\nIn a sense, every habit is just an obstacle to getting what you really want.']",I don't have enough research in my knowledge base to answer that specifically.,0.0,0.0,v1_dense_only
What is the habit loop and how do I use it to build better routines?,"['[Doc 1 — Atomic Habits | topic: habit]\nFIGURE 7: Habit stacking increases the likelihood that you’ll stick with a habit by stacking your new behavior on top of an old one. This process can be repeated to chain numerous habits\ntogether, each one acting as the cue for the next.\nYour morning routine habit stack might look like this:\n1. \nAfter I pour my morning cup of coffee, I will meditate for sixty\nseconds.\n2. \nAfter I meditate for sixty seconds, I will write my to-do list for the\nday.\n3. \nAfter I write my to-do list for the day, I will immediately begin my\nfirst task.\nOr, consider this habit stack in the evening:\n\n[Doc 2 — Atomic Habits | topic: habit]\nHabits Scorecard, \n64\n–66\nhabit stacking, \n74\n–79, \n110\n–11\nhabit tracking, \n197\nimplementation intention, \n69\n–72\nmaking the cues of bad habits invisible, \n94\n–95\nFisher, Roger, \n205\n–206\nflow state, \n224\n–33\nFogg, BJ, \n72\n74\nfood science\n“bliss point” for each product, \ncravings for junk food, \n102\n–103\ndynamic contrast of processed foods, \norosensation, \nfour laws of behavior change, \n53\n–55, \n186\n252\n–53. \nSee also\n specific numbered laws\nfour-step process of building a habit\n1. cue, \n47\n–48\n2. craving, \n48\n3. response, \n48\n–49\n4. reward, \nhabit loop, \nlessons from, \n259\n–64\n\n[Doc 3 — Atomic Habits | topic: habit]\nduring the first days, weeks, and even months. It doesn’t feel like you are going\nanywhere. It’s a hallmark of any compounding process: the most powerful\noutcomes are delayed.\nThis is one of the core reasons why it is so hard to build habits that \nlast.\nPeople make a few small changes, fail to see a tangible result, and decide to stop.\nYou think, “I’ve been running every day for a month, so why can’t I see any\nchange in my body?” Once this kind of thinking takes over, it’s easy to let good\nhabits fall by the wayside. But in order to make a meaningful difference, habits\n\n[Doc 4 — Atomic Habits | topic: habit]\npathway, than this difficulty vanishes; \nthe actions become so automatic that they\ncan be performed while the mind is otherwise engaged.” Both common sense\nand scientific evidence agree: \nrepetition is a form of change.\nEach time you repeat an action, you are activating a particular neural circuit\nassociated with that habit. This means that simply putting in your reps is one of\nthe most critical steps you can take to encoding a new habit. It is why the\nstudents who took tons of photos improved their skills while those who merely\n\n[Doc 5 — Atomic Habits | topic: habit]\nChapter Summary\nThe 3rd Law of Behavior Change is \nmake it easy\n.\nThe most effective form of learning is practice, not planning.\nFocus on taking action, not being in motion.\nHabit formation is the process by which a behavior becomes\nprogressively more automatic through repetition.\nThe amount of time you have been performing a habit is not as\nimportant as the number of times you have performed it.']",I don't have enough research in my knowledge base to answer that specifically.,0.0,0.0,v1_dense_only
What is GTD methodology and how does it reduce mental load?,"['[Doc 1 — Getting Things Done (GTD) | topic: habit]\nleaving nothing on your mind other than what’s present in the moment.\nConclusion\nI hope this book has been useful—that you have started to reap the rewards\nof getting more done with less effort and stress. And I really hope you have\ntasted the freedom of a “mind like water” and the release of your creative\nenergies that can be the result of the application of these techniques. Those\nwho begin to implement GTD methods always discover there’s more here\nthan meets the eye, and you may have already begun to experience your own\nversion of that.\n\n[Doc 2 — Getting Things Done (GTD) | topic: habit]\nget!” The more confidence you have that you can actually manifest things\nbefore you have all the knowledge and resources you might need, the more\nyou can potentially overwhelm yourself with your own possibilities. So the\nclarity and confidence that your GTD practices allow simultaneously\ndemand their ongoing utilization.\n*We’re available. Visit www.gettingthingsdone.com anytime for tons of free\nsupport material, conversations and stories about these best practices from\npeople like you, current information about supportive products and services,\n\n[Doc 3 — Getting Things Done (GTD) | topic: habit]\nbank; and you can quickly create a rich context for a family conversation\nabout plans for the next two years. You have a dynamic, working dashboard\nthat serves your orientation for virtually any context, whether at home, at the\noffice, or in transit, seamlessly.\nPressure Produces Greater Rather Than Reduced Utilization of These\nPractices\nOne of the most common observations I hear from people who have at some\npoint bought into the GTD process but have not progressed particularly far\nwith it is that they fell away from it because they had an intense series of\n\n[Doc 4 — Getting Things Done (GTD) | topic: habit]\nChapter 5: Capturing: Corralling Your “Stuff”\nChapter 6: Clarifying: Getting “In” to Empty\nChapter 7: Organizing: Setting Up the Right Buckets\nChapter 8: Reflecting: Keeping It All Fresh and Functional\nChapter 9: Engaging: Making the Best Action Choices\nChapter 10: Getting Projects Under Control\npart 3: The Power of the Key Principles\nChapter 11: The Power of the Capturing Habit\nChapter 12: The Power of the Next-Action Decision\nChapter 13: The Power of Outcome Focusing\nChapter 14: GTD and Cognitive Science\nChapter 15: The Path of GTD Mastery\nConclusion\nAppendix\n\n[Doc 5 — Getting Things Done (GTD) | topic: habit]\nGTD and Positive Psychology\nIn 2000 Martin Seligman took on the presidency of the American\nPsychological Association. For his presidential address he challenged the\nprofession to shift its focus away from simply describing, studying, and\ndiagnosing the negative aspects of the human condition and to begin\ndevoting more attention to the positive aspects of what it means to be\nhuman. Of course, his message was simply a more mainstream embodiment\nof Abraham Maslow’s ideas from the mid-twentieth century of personal\nfulfillment as the richest arena of psychology.']",I don't have enough research in my knowledge base to answer that specifically.,0.0,0.0,v1_dense_only
How does deep work differ from regular work and why does it matter?,"['[Doc 1 — Deep Work | topic: focus]\nsee the goal of this rule as taming shallow work’s footprint in your schedule, not\neliminating it.\nThen there’s the issue of cognitive capacity. Deep work is exhausting because it\npushes you toward the limit of your abilities. Performance psychologists have\nextensively studied how much such efforts can be sustained by an individual in a given\nday.\n*\n In their seminal paper on deliberate practice, Anders Ericsson and his\ncollaborators survey these studies. They note that for someone new to such practice\n\n[Doc 2 — Deep Work | topic: focus]\nexample highlights a general warning about this selection: You must be careful to\nchoose a philosophy that fits your specific circumstances, as a mismatch here can\nderail your deep work habit before it has a chance to solidify. This strategy will help\nyou avoid this fate by presenting four different depth philosophies that I’ve seen work\nexceptionally well in practice. The goal is to convince you that there are many\ndifferent ways to integrate deep work into your schedule, and it’s therefore worth\ntaking the time to find an approach that makes sense for you.\n\n[Doc 3 — Deep Work | topic: focus]\nDon’t Work Alone\nThe relationship between deep work and collaboration is tricky. It’s worth taking the\ntime to untangle, however, because properly leveraging collaboration can increase the\nquality of deep work in your professional life.\nIt’s helpful to start our discussion of this topic by taking a step back to consider\nwhat at first seems to be an unresolvable conflict. In Part 1 of this book I criticized\nFacebook for the design of its new headquarters. In particular, I noted that the\ncompany’s goal to create the world’s largest open office space—a giant room that\n\n[Doc 4 — Deep Work | topic: focus]\nmore value produced as compared to longer but less organized schedules.\nThe key claim of this strategy is that these same benefits \nhold for most knowledge\nwork fields. That is, even if you’re not a professor, fixed-schedule productivity can\nyield powerful benefits. In most knowledge work jobs, it can be difficult in the\nmoment to turn down a shallow commitment that seems harmless in isolation—be it\naccepting an invitation to get coffee or agreeing to “jump on a call.” A commitment to\nfixed-schedule productivity, however, shifts you into a scarcity mind-set. Suddenly\n\n[Doc 5 — Deep Work | topic: focus]\neconomy as it so clearly does in a craft economy. In the sections ahead, I’ll make three\narguments to support this claim. These arguments roughly follow a trajectory from the\nconceptually narrow to broad: starting with a neurological perspective, moving to the\npsychological, and ending with the philosophical. I’ll show that regardless of the\nangle from which you attack the issue of depth and knowledge work, it’s clear that by\nembracing depth over shallowness \nyou can tap the same veins of meaning that drive']",I don't have enough research in my knowledge base to answer that specifically.,0.0,0.0,v1_dense_only
What is the Pomodoro Technique and what does research say about it?,"['[Doc 1 — Flow State & Intrinsic Motivation | topic: motivation]\nponents are not distinguished from what is essential, the path to freedom\ngets overgrown by brambles of meaningless mumbo jumbo. Ritual form\nwins over substance, and the seeker is back where he started.\nControl over consciousness cannot be institutionalized. As soon as it\nbecomes part of a set of social rules and norms, it ceases to be effective in\nthe way it was originally intended to be. Routinization, unfortunately,\ntends to take place very rapidly. Freud was still alive when his quest for\nliberating the ego from its oppressors was turned into a staid ideology and\n\n[Doc 2 — Deep Work | topic: focus]\n:\na phenomenal output for someone who also worked a nine-to-five job. “Who’s to say\nthat I can’t be that prolific?” he concluded. “Why not me?”\nThe rhythmic philosophy provides an interesting contrast to the bimodal\nphilosophy. It perhaps fails to achieve the most intense levels of deep thinking sought\nin the daylong concentration sessions favored by the bimodalist. The trade-off,\nhowever, is that this approach works better with the reality of human nature. By\nsupporting deep work with rock-solid routines that make sure a little bit gets done on a\n\n[Doc 3 — Atomic Habits | topic: habit]\nGail B. Peterson, “A Day of Great Illumination: B. F. Skinner’s Discovery of Shaping,” \nJournal of the Experimental Analysis of Behavior\n 82, no. 3 (2004), doi:10.1901/jeab.2004.82–317.\n\n[Doc 4 — Flow State & Intrinsic Motivation | topic: motivation]\nBut flow is not just an academic subject. Only a few years after it was\nfirst published, the theory began to be applied to a variety of practical issues.\nWhenever the goal is to improve the quality of life, the flow theory can\npoint the way. It has inspired the creation of experimental school curricula,\nthe training of business executives, the design of leisure products and ser-\nvices. Flow is being used to generate ideas and practices in clinical psycho-\ntherapy, the rehabilitation of juvenile delinquents, the organization of\n\n[Doc 5 — Flow State & Intrinsic Motivation | topic: motivation]\nway to ensure that the body will get the nourishment it needs. The pleasure\nof sexual intercourse is an equally practical method for the genes to program\nthe body to reproduce and thereby to ensure the continuity of the genes.\nWhen a man is physically attracted to a woman, or vice versa, he usually\nimagines—assuming that he thinks about it at all—that this desire is an\nexpression of his own individual interests, a result of his own intentions.\nIn reality, more often than not his interest is simply being manipulated by\nthe invisible genetic code,\nMihaly Csikszentmihalyi / 17']",I don't have enough research in my knowledge base to answer that specifically.,0.0,0.0,v1_dense_only
How should I structure my time blocks for maximum deep work output?,"['[Doc 1 — Deep Work | topic: focus]\nsee the goal of this rule as taming shallow work’s footprint in your schedule, not\neliminating it.\nThen there’s the issue of cognitive capacity. Deep work is exhausting because it\npushes you toward the limit of your abilities. Performance psychologists have\nextensively studied how much such efforts can be sustained by an individual in a given\nday.\n*\n In their seminal paper on deliberate practice, Anders Ericsson and his\ncollaborators survey these studies. They note that for someone new to such practice\n\n[Doc 2 — CBT for Procrastination | topic: procrastination]\n• When contemplating how to do a task, there are numerous ways you can approach any given task to \nmake the task easier. Some of the methods you might try include, worst-first, using momentum, just 5-\nminutes, set time limits, prime time, prime place, remember-then-do, reminders, visualise, focus, and \nplan rewards. \n• To manage your time availability, so that you know when to do your tasks and goals, you can use a \nmore fixed method like the schedule (i.e., planning specific tasks for specific times in your week) or a\n\n[Doc 3 — Deep Work | topic: focus]\ncorresponding to the hour where I finished the result.\n*\n This served two purposes.\nFirst, it allowed me to connect, at a visceral level, accumulated deep work hours and\n\n[Doc 4 — CBT for Procrastination | topic: procrastination]\nsomething similar in a notebook, focusing particularly on the tasks or goals you have decided to tackle \nthroughout these Modules. \nPrioritise Week’s Tasks \nRing family member \uf0ac \nFin\nish ‘Put Off Procrastinating’ Modules \nP\nay gas bill \uf0ac \nT\nidy spare room for guests \nS\ntart a walking exercise routine \nGrade & Time Tasks \nPay gas bill: \n1. Find account (5 mins)\n2. Ring company & pay over phone (5 mins)\nF\ninish ‘Put Off Procrastinating’ Modules: \n1. Complete Module 5 (2 hours)\n2. Write outline for Module 6 (1 hour)\n3. Write Module 6 (5 hours)\n4. Write outline for Module 7 (1 hour)\n\n[Doc 5 — Deep Work | topic: focus]\nexample highlights a general warning about this selection: You must be careful to\nchoose a philosophy that fits your specific circumstances, as a mismatch here can\nderail your deep work habit before it has a chance to solidify. This strategy will help\nyou avoid this fate by presenting four different depth philosophies that I’ve seen work\nexceptionally well in practice. The goal is to convince you that there are many\ndifferent ways to integrate deep work into your schedule, and it’s therefore worth\ntaking the time to find an approach that makes sense for you.']",I don't have enough research in my knowledge base to answer that specifically.,0.0,0.0,v1_dense_only
What does flow state research say about how to get into flow?,"['[Doc 1 — Flow State & Intrinsic Motivation | topic: motivation]\nsections of experience have been collected from different parts of the world.\nThe conclusions of this volume are based on that body of data.\nThe study of flow I began at the University of Chicago has now spread\nworldwide. Researchers in Canada, Germany, Italy, Japan, and Australia\nhave taken up its investigation. At present the most extensive collection of\ndata outside of Chicago is at the Institute of Psychology of\n4 / Flow\n\n[Doc 2 — Flow State & Intrinsic Motivation | topic: motivation]\nBut flow is not just an academic subject. Only a few years after it was\nfirst published, the theory began to be applied to a variety of practical issues.\nWhenever the goal is to improve the quality of life, the flow theory can\npoint the way. It has inspired the creation of experimental school curricula,\nthe training of business executives, the design of leisure products and ser-\nvices. Flow is being used to generate ideas and practices in clinical psycho-\ntherapy, the rehabilitation of juvenile delinquents, the organization of\n\n[Doc 3 — Flow State & Intrinsic Motivation | topic: motivation]\nof defining flow is rather liberal. If one only wished to include extremely\ncomplex flow experiences—say, those with the highest levels of challenges\nand skills—perhaps fewer than 1 percent of the responses would qualify\nas flow. The methodological convention adopted here to define flow\nfunctions somewhat like a microscope: depending on the level of magnific-\nation used, very different detail will be visible.\nAs expected, the more time a person spent in flow during the week, the\nbetter was the overall quality of his or her reported experience. People who\n\n[Doc 4 — Flow State & Intrinsic Motivation | topic: motivation]\nFlow. My work on optimal experience began with my doctoral dissertation,\nwhich involved a study of how young artists went about creating a painting.\nSome of the results were reported in the book The Creative Vision (Getzels\n& Csikszentmihalyi 1976). Since then several dozen scholarly articles have\nappeared on the subject. The first book that described the flow experience\ndirectly was Beyond Boredom and Anxiety (Csikszentmihalyi 1975). The latest\nsummary of the academic research on the flow experience was collected\nin the edited volume Optimal Experience: Psychological Studies of Flow in\n\n[Doc 5 — Flow State & Intrinsic Motivation | topic: motivation]\n25(4):79–89.\n——. 1988. Flow in solitary ordeals. In M. Csikszentmihalyi & I. S. Csikszentmihalyi,\neds., Optimal experience: Psychological studies of flow in consciousness (pp. 172–80). New\nYork: Cambridge University Press.\nLumdsen, C. J., & Wilson, E. O. 1981. Genes, mind, culture: The coevolutionary process.\nCambridge: Harvard University Press.\n——. 1983. Promethean fire: Reflections on the origin of mind. Cambridge: Harvard University\nPress.\nLumholtz, C. 1902 (1987). Unknown Mexico, vol. 1. New York: Dover Publications.']",I don't have enough research in my knowledge base to answer that specifically.,0.0,0.0,v1_dense_only
What is self-determination theory and how does it explain motivation?,"['[Doc 1 — Self-Determination Theory | topic: motivation]\nLanguages.” Educational and Psychological Measurement 70, no. 4: \n628–646. https://doi.org/10.1177/0013164409355698.\nGagné, M., S. K. Parker, M. A. Griffin, et al. 2022. “Understanding and \nShaping the Future of Work With Self‐Determination Theory.” Nature \nReviews Psychology 1, no. 7, 378–392. https://doi.org/10.1038/s44159‐ \n022‐00056‐w.\nStress and Health, 2026 19 of 22\n\n[Doc 2 — Flow State & Intrinsic Motivation | topic: motivation]\nOne of the basic differences between a person with an autotelic self and\none without it is that the former knows that it is she who has chosen\nwhatever goal she is pursuing. What she does is not random, nor is it the\nresult of outside determining forces. This fact results in two seemingly\nopposite outcomes. On the one hand, having a feeling of ownership of her\ndecisions, the person is more strongly dedicated to her goals. Her actions\nare reliable and internally controlled. On the other hand, knowing them\nto be her own, she can more easily modify her goals whenever the reasons\n\n[Doc 3 — Self-Determination Theory | topic: motivation]\nReeve, J., and S. H. Cheon. 2020. “Autonomy Supportive Interventions.” \nIn The Handbook of Behavior Change, edited by M. S. Hagger, L. D. \nCameron, K. Hamilton, N. Hankonen, and T. Lintunen, 510–522. \nCambridge University Press. https://doi.org/10.1017/978110867731 \n80.035.\nRoche, M., and J. Haar. 2019. “Motivations, Work–Family Enrichment \nand Job Satisfaction: An Indirect Effects Model.” Personnel Review 49, \nno. 3: 903–920. https://doi.org/10.1108/PR‐06‐2019‐0289.\nRyan, R. M., ed. 2023. The Oxford Handbook of Self‐Determination\n\n[Doc 4 — Self-Determination Theory | topic: motivation]\n52. https://doi.org/10.3389/fpsyg.2014.00052.\nHagger, M. S. 2022. “Meta‐Analysis.” International Review of Sport and \nExercise Psychology 15, no. 1: 120–151. https://doi.org/10.1080/1750984 \nX.2021.1966824.\nHagger M. S., L. D. Cameron, K. Hamilton, N. Hankonen, and \nT. Lintunen, eds. 2020. The Handbook of Behavior Change. Cambridge \nUniversity Press. https://doi.org/10.1017/9781108677318.\nHagger, M. S., N. L. D. Chatzisarantis, and J. Harris. 2006. “The Process \nby Which Relative Autonomous Motivation Affects Intentional \nBehavior: Comparing Effects Across Dieting and Exercise Behaviors.”\n\n[Doc 5 — Self-Determination Theory | topic: motivation]\nand of autonomous forms of motivation on adaptive workplace \nand health outcomes (work engagement, job satisfaction, job \nperformance, well‐being; HF5a–d, HF6a–d). In addition, this \npattern of findings was replicated in the truncated model using \naggregated theory constructs and workplace outcomes, \nincluding need support‐need satisfaction (HT1), need satis-\nfaction‐autonomous motivation (HT2a), and autonomous \nmotivation‐adaptive workplace outcome (HT3a) effects.\nMost important, however, was the hypothesis‐consistent indi-\nrect effects of need support on adaptive workplace outcomes']",I don't have enough research in my knowledge base to answer that specifically.,0.0,0.0,v1_dense_only
How does resistance training improve mental health and focus?,"['[Doc 1 — Resistance Training & Mental Health | topic: training]\nsupervised and scientifically sound resistance training, the overall athletic performance of adolescents, including \nstrength, explosive power, etc., as well as their physical and mental health levels, can be significantly improved. In \naddition, relevant professional associations in several countries have released guidance documents for resistance \ntraining for adolescents, providing scientific suggestions on training intensity, duration, and load, among other \naspects. However, most of the existing studies have not clearly defined the specific criteria for “effective supervision”,\n\n[Doc 2 — Resistance Training & Mental Health | topic: training]\nSource: Quoted from Faigenbaum et al., 2009) \nIn addition to the empirical recommendations from various studies regarding effective variables in the \nimplementation of resistance training for adolescents, relevant professional associations have also successively \nformulated and published normative guidelines for resistance training in this age group. Table 3 summarizes the \nrecommendations and guidelines for resistance training programs for adolescents from authoritative bodies such as\n\n[Doc 3 — Resistance Training & Mental Health | topic: training]\nwith limited empirical evidence, led to a cautious or even prohibitive stance toward its adoption in youth physical \neducation and sports programs. \nHowever, during the 1990s, as scientific inquiry deepened and empirical findings accumulated, a paradigm shift \nbegan to emerge (Figure 1). Research increasingly demonstrated that, when properly supervised and appropriately \nprescribed, resistance training could yield significant positive outcomes for young participants, including \nimprovements in muscular strength, motor coordination, and overall physical fitness (Hamill, 1994).\n\n[Doc 4 — Resistance Training & Mental Health | topic: training]\n(1996). The Effects of Strength Training and Detraining on Children. The Journal of Strength and Conditioning \nResearch, 10(2), 109. https://doi.org/ 10(2):109-114.1996 \nGranacher, U., Lesinski, M., Büsch, D., Muehlbauer, T., Prieske, O., Puta, C., ... & Behm, D. G. (2016). Effects of resistance \ntraining in youth athletes on muscular fitness and athletic performance: a conceptual model for long-term athlete \ndevelopment. Frontiers in physiology, 7, 164. https://doi.org/10.3389/fphys.2016.00164\n\n[Doc 5 — Resistance Training & Mental Health | topic: training]\nstatement on youth resistance training: The 2014 International Consensus. British Journal of Sports Medicine, 48(7), \n498–505. https://doi.org/10.1136/bjsports-2013-092952 \nLongo, A. R., Silva-Batista, C., Pedroso, K., de Salles Painelli, V., Lasevicius, T., Schoenfeld, B. J., ... & Teixeira, E. L. \n(2022). Volume load rather than resting interval influences muscle hypertrophy during high-intensity resistance \ntraining. The Journal of Strength & Conditioning Research, 36(6), 1554-155. \nhttps://doi.org/9.10.1519/JSC.0000000000003668']",I don't have enough research in my knowledge base to answer that specifically.,1.0,0.0,v1_dense_only
What does body recomposition research say about training frequency?,"['[Doc 1 — Resistance Training & Mental Health | topic: training]\nsupervised and scientifically sound resistance training, the overall athletic performance of adolescents, including \nstrength, explosive power, etc., as well as their physical and mental health levels, can be significantly improved. In \naddition, relevant professional associations in several countries have released guidance documents for resistance \ntraining for adolescents, providing scientific suggestions on training intensity, duration, and load, among other \naspects. However, most of the existing studies have not clearly defined the specific criteria for “effective supervision”,\n\n[Doc 2 — Resistance Training & Mental Health | topic: training]\nstatement on youth resistance training: The 2014 International Consensus. British Journal of Sports Medicine, 48(7), \n498–505. https://doi.org/10.1136/bjsports-2013-092952 \nLongo, A. R., Silva-Batista, C., Pedroso, K., de Salles Painelli, V., Lasevicius, T., Schoenfeld, B. J., ... & Teixeira, E. L. \n(2022). Volume load rather than resting interval influences muscle hypertrophy during high-intensity resistance \ntraining. The Journal of Strength & Conditioning Research, 36(6), 1554-155. \nhttps://doi.org/9.10.1519/JSC.0000000000003668\n\n[Doc 3 — Resistance Training & Mental Health | topic: training]\nSource: Quoted from Faigenbaum et al., 2009) \nIn addition to the empirical recommendations from various studies regarding effective variables in the \nimplementation of resistance training for adolescents, relevant professional associations have also successively \nformulated and published normative guidelines for resistance training in this age group. Table 3 summarizes the \nrecommendations and guidelines for resistance training programs for adolescents from authoritative bodies such as\n\n[Doc 4 — Resistance Training & Mental Health | topic: training]\nwith limited empirical evidence, led to a cautious or even prohibitive stance toward its adoption in youth physical \neducation and sports programs. \nHowever, during the 1990s, as scientific inquiry deepened and empirical findings accumulated, a paradigm shift \nbegan to emerge (Figure 1). Research increasingly demonstrated that, when properly supervised and appropriately \nprescribed, resistance training could yield significant positive outcomes for young participants, including \nimprovements in muscular strength, motor coordination, and overall physical fitness (Hamill, 1994).\n\n[Doc 5 — Resistance Training & Mental Health | topic: training]\navailable for resistance training, practitioners must prioritize the adolescent’s technical proficiency and foundational \ntraining level to ensure safety and effectiveness in all situations ( Lloyd et al., 2014 ). The principles of resistance \ntraining suggest that the training modalities should focus on extensive and multi -joint muscle groups to maximize \ntraining effectiveness ( Hammerová et al., 20 20). Therefore, compared to single -joint muscle action, the training \nmodel should fully incorporate multiple muscle action types, particularly incorporating concentric (muscle']",I don't have enough research in my knowledge base to answer that specifically.,0.0,0.0,v1_dense_only
